369 Solar,369 Solar LLC,Michael Womack
777HomeService,Adrian Bobbitt Dealer,
A Power Solar,American Power Solar LLC,
ADVO,Advosy Energy,Brandon
AEP Solar,AEP Solar LLC,
Affordable Energy,Affordable Energy Partners,
Alliance,Alliance Energy,
OMNI,Alpha Electric Group DBA OMNI GROUP,
Alpha PWR,Alpha PWR LLC,
Aptive,Aptive Solar LCC,
Authentic Energy - Terminated,Joseph McConell,
Avid Mortgage,Avid Mortgage Solutions,
Avvio,Avvio,Direct Relationship with Avvio
AZ Energy G,AZ Energy Group LLC,AZ Solar brokers - Justin Pitts
AZ Solar Direct,AZ Solar Direct LLC,
AZ Solar Pros,AZ Solar Pros LLC,
BOLT,Bolt Energy,
Bravo Roofing,Bravo Roofing LLC,
CAPITAL,Capital Energy,
Citi Solar,Citi Solar Solutions,
Citi Solar_2,Nuera Solar Power DBA Real Solar,
Clean Earth,Clean Earth Consultants LLC,
Clean Skies,Clean Skies Technologies,
Clear Vision,Clear Vision Holdings LLC,
COYOTE,Coyote Solar LLC,
Crest Energy,Crest Clean Energy LLC,
D Lake,D Lake Consulting LLC,
Sunvision,Sunvision LLC,
Decisive Solar,Decisive Solar,
E&J Solar,E&J Roofing and Solar,
Elate Solar,Shaun Schulze,
UNTD SLR,UNTD,Code changed from Elevate to UNTD on 5-2-24
ELITE SOLAR,Elite Solar Energy - Terminated,
EMPYR,Empyreal Power,Dustin Hesketh Company
Energy Bros USA,Energy Bros USA,Matthew Sessna
Erik Lively,Erik Lively LLC,
Ethical Entrepreneur,Ethical Entrepreneur LLC,
Evolution Power,Evolution Power LLC,
ExoSolar,ExoSolar Solutions LLC - Terminated,
EZ,EZ Energy,Joe and Nick
Fox 4 Home,Fox 4 Home Solutions,
Freedom Energy,Freedom Energy LLC,
Genesis,Genesis Solar Solutions,
GJP,Green Jacket Power,(A Moses Referred Company)
Grand Energy,Grand Energy Services,
Grid Acquisitions,Grid Acquisitions LLC,
Halo Solar,Halo Solar Solutions LLC,
Harness Power,Harness Power Inc,
Hasnani,Hasnani Capital LLC,
HELIOS,Helios Solar,Paul Cruz Company
HOMENERDS,HOMENERDS LLC,
Honest Alarm,Honest Alarm Company LLC,
HOUSE,Our World Energy LLC,Internal Sales Team
I Am Solar,I am Solar LLC,
Iliakos Solar,Iliakos Solar,
Impact Your Energy,Impact Your Energy LLC (Banned Indefinitely),
Integrated Energy,Integrated NRG Solutions LLC,
Intuition Solar,Zuri Vankevich - Intuition Solar LLC,
iPower Solar,iPower Solar LLC,
JORDAN,4 Way Safety,Jordan O'Ferrell
Juggernaut,Juggernaut Smart Homes LLC,
Klever Solar,Klever Solar LLC,
KODESSA,Kodessa Energy LLC - Terminated,Andrew Weiss
Liberty Solar,Liberty Solar LLC,
Light Energy,Light Energy,Schaper Cluff Solar LLC dba Light Energy
National Clean Energy,National Clean Energy,Former LLP Enterprises
Lucid Pro,Lucid Pro,
LUMIO,Lumio DBA Atlantic Key Energy,
M&M Energy,M&M Energy Innovations,
Marla Burns,Marla Burns,"George Burns Wife, paid 5c by OWE for Widow"
MARS,MARS,Mark Anthony Ramirez Solar
Minski Inc,Minski Inc,
Mr John Solar,"Mr. John Air Conditioning, Heating & Solar Energy LLC",
MVMT,MVMT Energy,
My A Solar,My American Solar LLC,My American Solar
Net Metering Systems,Net Metering Systems,
New Age,New Age Energy LLC,
New Grid,New Grid,
Off Grid,Off Grid Solutions Inc,
Omni_1,Omni,
Onyx Solar,Onyx Solar,Masters Holding Inc. DBA Onyx Solar.
OWE-AZ,OWE-DD,Jacob Heneise Team
OWE-AZ-22,OWE-AZ-22,Jacob Heneise Team in 2022
OWE-AZ-MAR-23,House starting 3-1-23,
OWE-CHI,Shaun Shulze LLC,Shaun Schulze
OWE-ES,Energy Sage Deals,
OWE-IL,Our World Energy Illinois LLC,Brian Moak
AAC,AAC,Previously owned by Justin and Byron
Peak Power,Peak Power,
PHX Solar Power,Phoenix Solar Power,
Power Team,Power Team LLC,
Partner 4,Power Connections,
Private. Grid,PrivateGrid LLC,Eli Hardin dba Private Grid LLC
Pure Clean,Pure Clean Energy LLC,
QUINN,Quinn Zerba Group,
QUINTERO,"Quintero Solar USA, LLC",QUINTERO
Reidhead Industries,Panel Pros Power Co,
ROMAN,Roman Family Enterprises,
S&J Garcia,S&J Garcia Associates LLC,
SE of AZ,Solar Experts of AZ,Randy Jordan Company
SEC,Smith Energy Consulting,Adrian Smith
Seienergyaz,Seienergyaz LLC,Eduardo Villavicencio
SET,Smart Energy Today LLC,Smart Energy Today
SET- M,Smart Energy Today - Moose!!,Moose
SKY Power,Sky Power LLC,
Skytech Solutions,Skytech Solutions,
Smart Enterprise,Smart Home Enterprise LLC,
Smart Home,"Smart Home Energy, LLC",
Solar Connection,Solar Connection LLC,
Solar ECO System,"Solar ECO Systems, LLC",
Solar Experts,Solar Experts LLC,
Solar Movement,The Solar Movement LLC,
SolarEx,SolarEx Technologies,
SOLEIL,Soleil Energy Inc.,Joshua Del Principe
Solis Energy,Solis Energy LLC,
Solito,Go Solito LLC,
Spartan,Spartan Solar USA,
SS of AZ,Solar Solutions of AZ LLC,
SSS,Sun Solar Solutions Inc,Sun Solar Solutions
SSS-OWE,OWE Dealer to SSS,OWE via SSS
Stellar Power,Stellar Power LLC,
STIA,STIA,
Sun Source,Sun Source Energy,
Suncovia,Suncovia LLC,
SunLF,SunLight Forever,Moses
Sunstreet Builders,Sunstreet Builders LLC,
SunTech Smart Home,"SunTech Smart Home Solutions, LLC",
Suntown,Suntown Solar,
Surge,Surge Power,
Swift Solar,Swift Solar,
Switch Solar,Switch Solar Power,
Tapales,Tapales Enterprises LLC,
TGTR LLC,TGTR LLC,
Torres Family,Torres Family Enterprises LLC,
Solterian,DBA True Energy Plus LLC,
Tycho Energy,Tycho Energy,
United Energy,Dynamis Energy LLC dba United Energy Services,
Uprisun,Uprisun Energy LLC,
Valley Voltage,Valley Voltage LLC,
Vantage Solar,Vantage Solar LLC,
WHITE RHINO,White Rhino Home Services,
Partner 5,WhyGen Solar,
Zealous Energy,Zealous Energy Group LLC,
Solfiniity Power,Solfinity Power,
Glass Slappers,Glass Slappers LLC,
CA Clean Energy,CA Clean Energy Association LLC,
Irradiance Energy,Irradiance Energy LLC,
United Wholesale,United Wholesale Solar,
Offset Energy,Offset Energy,
Imagine Alpha,Imagine Solar AZ,
EZ Alpha,EZ Breezy Energy,
Ernesto Juarez,Ernesto Juarez,
OWE-DD,Dealer Direct,Scott Clyman
AZ Clean Energy,AZ CLEAN ENERGY A C T LLC,
South Desert,South Desert Energy LLC,
Custom Construction,Custom Construction LLC,
Luxor Energy,Luxor Energy INC,
Ash Salieta,Ash Salieta,
Global Solar,"Global Solar Network, LLC",
Aerodish Communications,Aerodish Communications LLC,
Solar Sesame,Solar Sesame,
Connor Gerkin,Connor Gerken Marketing LLC,
Partner 3,Genesis Power Solutions LLC,
OWE-DS,OWE-DS AKA IQ POOLS,
Kingdom Power,Kingdom Power LLC,
SunPad Solar,SunPad Solar LLC,
Good Energy,Good Energy Network LLC,
Recom Solutions,Recom Solutions LLC,
House of Power,House of Power LLC dba Prolific Energy,
Edge Solutions,Edge Solutions Inc.,
Leverage Our Sun,Leverage Our Sun LLC,
JM Solar,JM Solar LLC,
ECO Solar,ECO Solar LLC,
Lit Solar,Lit Solar and Air,
Partner 1,Brite Solar,
Photon Solar,Photon Solar LLC,
RADIX,RADIX LLC,
Zona Power,Zona Power LLC,
Infinity Solar,Infinity Solar LLC,
Coreplace,Coreplace LLC,
Limitless Solar,Limitless Solar Energy Professionals,
Maximum Solar,Maximum Solar Properties,
Ohana Energy,Ohana Energy,
Valley Energy,Valley Energy Consoltants LLC,
Light City,Light City Solar INC,
Swift Energy,Swift Energy,
S & L,S & L Industries,
OS Recruiting Partners,Solar Recruiting Partners,
Zen Energy,Zen Energy Company LLC,
Atlas Energy,Atlas Energy DFW LLC,
ElitNrg,ElitNrgy TX LLC,
SimpleFlow,SimpleFlow LLC,
Atlas Home,Atlas Home Power LLC,
Solar Professionals,Solar Professionals,
Kumquat Solar,Kumquat Solar LLC,
LJDirectmerch,LJDirectmerch LLC,
America Energy,America Energy LLC,
Clear PWR,Clear Pwr LLC,
Premier Solar,Premier Solar Pros LLC,
Sommer Consulting,Sommer Consulting LLC,
World Energy Direct,World Energy Direct LLC,
Vossun,Vossun LLC,
CMS Financial,CMS Financial LLC,
Good 3nergy,Good 3nergy,
Spartan Solar,Spartan Solar LLC,
Certified Solar,Certified Solar Solutions,
Solar Rey,Solar Rey LLC,
Revolve Solutions,Revolve Solutions LLC,
Ovvn Solar,Ovvn Solar LLC,
A Happy Day,A Happy Day LLC,
Skytech,Skytech LLC,
ZGC Energy,ZGC Energy Solutions,
Shop Solar,Shop Solar LLC,
Systematic Solar,Systematic Solar,
Jacksun Consulting,Jacksun Consulting LLC,
Goat Solar,Goat Solar Group LLC,
NAZ R & C,NAZ Roofing & Construction LLC,
Pueblo Home Solutions,Pueblo Home Solutions LLC,
TEST,TestDealer,
Soar Energy,SOAR ENERGY CORP.,
OWE-JG,OWE-JG,
ONE-League,OWE-AZ,
EG Solar,EG Solar LLC,
JMG Assets,JMG Assets LLC,
Lumen Solar,Lumen Solar LLC,
Reimagine Roofing,"Reimagine Roofing, LLC",
SolarSunQuest,Vsquare LLC DBA SolarSunQuest,
By the Sun Solar Brokers,By the Sun Solar Brokers LLC,
Extensive Solar,Extensive Solar Solutions LLC,
BidList,"BidList, Inc",
Dom Mercado,Dom Mercado LLC,
Happy Home Solar,Happy Home Solar LLC,
Higher Power Energy,Higher Power Energy LLC,
Rising Solar,AZ RISING SOLAR,"Former TN Holdings, LLC dba Fresh Home Solutions"
LGND Energy,LGND ENERGY,
Sunder,Sunder Energy LLC,
Utah Clean Power,Utah Clean Power LLC,
Element Energy,Element Energy CO,
Phoenix Valley Solar,Phoenix Valley Solar LLC,
Rivera Vega Enterprises,Rivera Vega Enterprises LLC,
Native Grid,Native Grid LLC,
Top Roofing and Solar,Top Roofing and Solar LLC,
Momentvs,Momentvs LLC,
New Era Roofs & Solar,New Era Roofs and Solar,
Solar Sandy,SOLAR SANDY LLC,
Flagstone R&E,Flagstone Roofing and Exteriors LLC,
Red Lion Solar,Red Lion Solar,
Powered by Solar,Powered by Solar LLC,
SOLR Standard,SOLR STANDARD INC,
Pivot Power,Pivot Power LLC,
Onyx,Parker and Sons,
Peak Solar Energy,Peak Solar Energy,
Sunforce Solar,SUNFORCE SOLAR LLC,
PACKMAN10,"PACKMAN10, INC",
ASAP Solar Pros,"ASAP Solar Pros Inc, DBA Systematic Solar",
Zach McCleskey,Zach McCleskey,
Highlight Energy,HIGHLIGHT ENERGY LLC,
PWR Pros,PWR PROS LLC,
Sonoran Solar Solutions,Sonoran Solar Solutions LLC,
Electrum Capital,Electrum Solar,
Omni 24,Omni24 LLC DBA OMNI24 Solar+Battery,
Switch up Solar,SwitchUp Solar LLC,
9 Figures,9 Figures LLC,
Independent Energy,Independent Energy LLC,
Lessar Energy,Lessar Energy,
Ignite Solutions,Ignite Solutions,
Green Light Solar,Green Light Solar,
Epic Energy,Epic Energy LLC,
Watson Investments,Watson Investments LLC DBA Alom Solar,
NuSun Power,NuSun Power Inc,
Kids HVAC,Kidzz HVAC LLC DBA Kidzz Mechanical,
SKM Lion Mentality,SKM Lion Mentality LLC,
BrightPower Solar,BrightPower Solar LLC,
Sun Brothers Energy,Sun Brothers Energy LLC,
Crescent Moon Management,Crescent Moon Management LLC,
Green Horizon Solar,Green Horizon Solar LLC,
Adapt Solar,Adapt Solar LLC,
Power 22,Power 22 LLC,
Tucson's Solar Advisor,Tucson's Solar Advisor LLC,
Kris Haas,Kris Haas,
Altair Solar Solutions,Altair Solar Solutions LLC,
Solar Cross,SOLAR CROSS LLC,
GLJ Electric,GLJ Electric,
Energy Smart AZ,Energy Smart AZ,
On Communications,ON COMMUNICATIONS LLC,
National Solar Solutions,National Solar Solutions LLC,
Endless Energy Solar,Endless Energy Solar LLC,
The Solar Experts,The Solar Experts LLC,
Unity Power,UNITY POWER LLC,
Fortius Energy,Fortius Energy,
Gold Sun Power,Gold Sun Power LLC,
Brighthaus,Brighthaus LLC,
BPN Enterprises,BPN Enterprises,
Partner 2,Eleven Eleven Securities (UNTD Sub Dealer),
Solar AI,"Solar AI Arizona,Solar AI TX Team",
Smith Energy,Smith Energy DBA Stay Green Solar,
HelioBloom Energy,HelioBloom Energy,
The Solar Guy,The Solar Guy,
Next Level Energy,Next Level Energy LLC,
AGN Holdings,AGN Holdings LLC DBA E-Solar,
Onyx D2D,ONYX D2D Team,
Edition Investments,Edition Investments LLC,
Organix Technology,Organix Technology LLC,
Lobo Solar,Lobo Solar LLC,
Better Go Solar,Better Go Solar,
Victory Solar,Victory Solar,
Total Solar Solutions,Total Solar Solutions,
Solarisone Energy Solutions,Solarisone Energy Solutions LLC,
Myles Investment,Myles Investment & Marketing LLC,
Internal Ops Sales,Internal Ops Sales,
Gray Horse Group,Gray Horse Group LLC,
Greenest 360,"Greenest 360, Inc.",
Sonoran Solar Consulting,Sonoran Consulting LLC,
Voltaic Power,Voltaic Power LLC DBA Oxel Solar,
Fournet Investments,"Fournet Investments, LLC",
Southwest Electric,Southwest Electric Inc,
Smart Human,Smart Human Solar LLC,
Redzone Solar Group,Redzone Solar Group LLC,
My Sun Pulse,My Sun Pulse,
Solar Solana,Solar Solana LLC,
Zia Solar Power,Zia Solar Power LLC,
TRC Energy,TRC Energy LLC,
Helios Power,Helios Power LLC,
Chase G Investments,Chase G Investments Inc.,
2Sunssolar,2Sunssolar LLC,
Built Energy,Built Energy Inc.,
Elite Roofing & Construction,Elite Roofing & Construction LLC,
Murawski System,Murawski System LLC,
Vice Energy,Vice Energy LLC,
W11 Group,W11 Group LLC. DBA SoHome Solar,
FOR Energy,FOR Energy,
Critical Resources,Critical Resources LLC DBA Rooftek Front Range,
Powersol,Powersol LLC,
Elevate Roofing Pros,"Elevate Roofing Pros, LLC",
Grace Fusion Power,Grace Fusion Power LLC.,
Rampant Success Institute,"Rampant Success Institute, LLC",
EDJ Enterprises,EDJ Enterprises Inc.,
US Solar Programs,US Solar Programs LLC,
Trusted Solar Partners,Shannon Lechuga DBA Trusted Solar Partners,
Truest Solar,Truest Solar,
Sun Sponge,Sun Sponge LLC,
Chivas And Associates,Chivas \u0026 Associates,
Resurge Energy,Resurge Energy & Remodeling LLC,
Apple Roofing,Apple Roofing LLC,
Right Choice Solar,Right Choice Solar LLC,
Instinctive Energy,Instinctive Energy,
SFG Energy,SFG Energy Inc.,
Infinite Energy,Infinite Energy,Private Equity Cash Flowing LLC
Jay Sheeley,Jay Sheeley,
Eric Castillo,Eric Castillo,
Angeles Holdings,Angeles Holdings LLC DBA GoSunvision Solar,
ISolar Energy,ISolar Energy LLC,
Venus Solar Energy,Venus Solar Energy LLC (Sub-dealer of Chivas \u0026 Associates),(Sub-dealer of Chivas & Associates)
U.S. Home Loan Capital,U.S. Home Loan Capital DBA Nations 1st Solar,
American Power and Electric,American Power and Electric LLC,
AZ Pro Contractors,AZ Pro Contractors,
Aeterna Solar,Aeterna Solar LLC,
E&W Holdings,E&W Holdings LLC,
Trinus Solar,Trinus Solar LLC,
Red Rock Roofing,Red Rock Roofing,
Chaparral Business Solutions,Chaparral Business Solutions LLC,
Smile Solar,Smile Solar LLC,
Solar Electric USA,Solar Electric USA LLC,
Niagara Mohawk Solar,Niagara Mohawk Solar LLC,
US Direct Installs,US Direct Installs LLC,
Wright Sun Power,Wright Sun Power LLC,
JP Ventures,JP Ventures,
MT Consulting,MT Consulting LLC DBA AZ Solar Experts,
Senderz Solar,Senderz Solar LLC,
Smart Money Solar,Smart Money Solar LLC,
Peak to Peak Solar,"Peak to Peak Solar, LLC",
CD Oldroyd Investments,CD Oldroyd Investments,
SP CO,Sky Power Arizona LLC,
Light Group USA,Light Group USA,
Daniel Pessy Marketing,Daniel Pessy Marketing,
Cristian Lopez,Cristian Lopez,
BRJA Consulting,BRJA Consulting,
Kodiak Home Solutions,Kodiak Home Solutions,
Aligned NRG,Aligned NRG,
Apex Solar,Apex Solar,
Brian White,Brian White,
Columbine Roofing & Solar,Columbine Roofing & Solar,
Consumer Solar,Consumer Solar,
DB Roofing,DB Roofing,
EC Power,EC Power,
Elektra,Elektra,
Gamma Strategies,Gamma Strategies,
Heavenly Sent Systems,Heavenly Sent Systems,
Powervana,Powervana LLC,Formerly Zealous Energy
Orange Solar,Orange Solar LLC,
Risk Family,Risk Family LLC,
National Solar Pros,National Solar Pros,
Sunshine Energy Solutions,Sunshine Energy Solutions LLC,
kWh From the Sun,kWh From the Sun LLC,
ModernEco Living,ModernEco Living Innovations,
Linear Solar,Linear Solar LLC,
TraxLux,TraxLux LLC,
Pacific Connection,Pacific Connection Inc,
ReWired Energy,ReWired Energy LLC,
Powersmith,"Powersmith, Inc.",
Solar Resource USA,Solar Resource USA,
Solar Material Supply,Solar Material Supply LLC,
OWE- Scorpions,Nate Brammer's dream,
OWE- Dream Watts,Cody McGee's dream,
My Quantum Home,My Quantum Home LLC,
OmniEx,OmniEx LLC,
Ascend Marketing,Ascend Marketing Group,
King Energy Consulting,King Energy Consulting,
NXT Level Solar USA,NXT Level Solar USA LLC,
