369 Solar,
777HomeService,
9 Figures,
A Power Solar,
Adapt Solar,
ADVO,
AEP Solar,
Aerodish Communications,
Affordable Energy ,
Alliance,
Alpha Electric,
Alpha PWR,
Altair Solar Solutions,
America Energy,
Aptive,
ASAP Solar Pros,
Ash Salieta,
Atlas Energy,
Atlas Home,
Authentic Energy,
Avid Mortgage,
Avvio,
AZ Clean Energy,
AZ Energy G,
AZ Solar Direct,
AZ Solar Pros,
BidList,
BOLT,
Bravo Roofing,
BrightPower Solar,
Brite Marketing,
By the Sun Solar Brokers,
CA Clean Energy ,
CAPITAL,
Certified Solar,
Citi Solar,
Clean Earth,
Clean Skies,
Clear PWR,
Clear Vision,
CMS Financial,
Connor Gerkin ,
Coreplace,
COYOTE,
Crescent Moon Management,
Crest Energy,
Custom Construction,
D Lake,
Decisive Solar,
Dom Mercado,
E&J Solar,
ECO Solar,
Edge Solutions ,
EG Solar,
Elate Solar,
Electrum Capital,
Element Energy,
Elevate,
Elite Industry,
ELITE SOLAR,
ElitNrg,
EMPYR,
Energy Bros USA,
Epic Energy,
Erik Lively,
Ernesto Juarez,
Ethical Entrepreneur,
Evolution Power ,
ExoSolar,
Extensive Solar,
EZ,
EZ Alpha,
Flagstone R&E,
Fox 4 Home ,
Freedom Energy,
Fresh Home Solutions,
Genesis,
Genesis Power,
GJP,
Glass Slappers,
Global Solar,
Goat Solar,
Good 3nergy,
Good Energy,
Grand Energy,
Green Horizon Solar,
Green Light Solar,
Grid Acquisitions,
Halo Solar ,
Happy Day,
Happy Home Solar,
Harness Power,
Hasnani,
HELIOS,
Higher Power Energy,
Highlight Energy,
HOMENERDS,
Honest Alarm,
HOUSE,
House of Power,
I Am Solar,
Ignite Solutions,
Iliakos Solar,
Imagine Alpha,
Impact Your Energy,
Independent Energy,
Infinity Solar,
Integrated Energy,
Intuition Solar ,
iPower Solar,
Irradiance Energy ,
Jacksun Consulting,
JM Solar,
JMG Assets,
JORDAN,
Juggernaut,
Kids HVAC,
Kingdom Power,
Klever Solar,
KODESSA,
Kris Haas,
Kumquat Solar,
Lessar Energy,
Leverage Our Sun ,
LGND Energy,
Liberty Solar,
Light City,
Light Energy,
Limitless Solar ,
Lit Solar,
LJDirectmerch,
LLP E,
Lucid Pro,
Lumen Solar,
LUMIO,
Luxor Energy,
M&M Energy,
Marla Burns,
MARS,
Maximum Solar ,
Minski Inc,
Momentvs,
Mr John Solar,
MVMT,
My A Solar,
Native Grid,
NAZ R & C,
Net Metering Systems,
New Age,
New Era Roofs & Solar,
New Grid,
NuSun Power,
Off Grid,
Offset Energy,
Ohana Energy,
Omni,
ONE-League,
Onyx Solar,
OS Recruiting Partners,
Ovvn Solar,
OWE-AZ,
OWE-AZ-22,
OWE-AZ-MAR-23,
OWE-CHI,
OWE-DD,
OWE-DS,
OWE-ES,
OWE-IL,
OWE-JG,
OWE-NM,
P&S,
PACKMAN10,
Peak Power,
Peak Solar Energy,
Phoenix Valley Solar,
Photon Solar,
PHX Solar Power,
Pivot Power,
Power 22,
Power Team,
PowerConnect,
Powered by Solar,
Premier Solar,
Private. Grid,
Pueblo Home Solutions,
Pure Clean,
PWR Pros,
QUINN,
QUINTERO,
RADIX,
Recom Solutions,
Red Lion Solar,
Reidhead Industries,
Reimagine Roofing,
Revolve Solutions,
Rivera Vega Enterprises,
ROMAN,
S & L ,
S&J Garcia,
SE of AZ,
SEC,
Seienergyaz,
SET,
SET- M,
Shop Solar ,
SimpleFlow,
SKM Lion Mentality,
SKY Power,
Skytech,
Skytech Solutions,
Smart Enterprise,
Smart Home,
Soar Energy,
Solar Connection,
Solar Cross,
Solar ECO System,
Solar Experts,
Solar Movement,
Solar Professionals,
Solar Rey,
Solar Sandy,
Solar Sesame,
SolarEx,
SolarSunQuest,
SOLEIL,
Solfiniity Power,
Solis Energy,
Solito ,
SOLR Standard,
Solterian,
Sommer Consulting,
South Desert ,
Spartan,
Spartan Solar,
SS of AZ,
SSS,
SSS-OWE,
Stellar Power,
STIA,
Sun Brothers Energy,
Sun Source,
Suncovia,
Sunder Energy,
Sunforce Solar,
SunLF,
SunPad Solar ,
Sunstreet Builders,
SunTech Smart Home ,
Suntown,
Sunvision,
Surge,
Swift Energy,
Swift Solar,
Switch Solar,
Switch up Solar,
Systematic Solar,
Tapales,
TEST,
TGTR LLC,
The Recruiting Boss,
Top Roofing and Solar,
Torres Family,
Tucson's Solar Advisor,
Tycho Energy,
United Energy,
United Wholesale,
Uprisun,
Utah Clean Power,
Valley Energy,
Valley Voltage,
Vantage Solar,
Vossun ,
Watson Investments,
WHITE RHINO,
WhyGen,
World Energy Direct,
Zach McCleskey,
Zealous Energy,
Zen Energy ,
ZGC Energy,
Zona Power,